﻿s1,Movie,Dick Johnson Is Dead,Kirsten Johnson,,United States,25-Sep-21,2020,PG-13,90 min,Documentaries,"As her father nears the end of his life, filmmaker Kirsten Johnson stages his death in inventive and comical ways to help them both face the inevitable."
s2,TV Show,Blood & Water,,"Ama Qamata, Khosi Ngema, Gail Mabalane, Thabang Molaba, Dillon Windvogel, Natasha Thahane, Arno Greeff, Xolile Tshabalala, Getmore Sithole, Cindy Mahlangu, Ryle De Morny, Greteli Fincham, Sello Maake Ka-Ncube, Odwa Gwanya, Mekaila Mathys, Sandi Schultz, Duane Williams, Shamilla Miller, Patrick Mofokeng",South Africa,24-Sep-21,2021,TV-MA,2 Seasons,"International TV Shows, TV Dramas, TV Mysteries","After crossing paths at a party, a Cape Town teen sets out to prove whether a private-school swimming star is her sister who was abducted at birth."
s3,TV Show,Ganglands,Julien Leclercq,"Sami Bouajila, Tracy Gotoas, Samuel Jouy, Nabiha Akkari, Sofia Lesaffre, Salim Kechiouche, Noureddine Farihi, Geert Van Rampelberg, Bakary Diombera",,24-Sep-21,2021,TV-MA,1 Season,"Crime TV Shows, International TV Shows, TV Action & Adventure","To protect his family from a powerful drug lord, skilled thief Mehdi and his expert team of robbers are pulled into a violent and deadly turf war."
s4,TV Show,Jailbirds New Orleans,,,,24-Sep-21,2021,TV-MA,1 Season,"Docuseries, Reality TV","Feuds, flirtations and toilet talk go down among the incarcerated women at the Orleans Justice Center in New Orleans on this gritty reality series."
s5,TV Show,Kota Factory,,"Mayur More, Jitendra Kumar, Ranjan Raj, Alam Khan, Ahsaas Channa, Revathi Pillai, Urvi Singh, Arun Kumar",India,24-Sep-21,2021,TV-MA,2 Seasons,"International TV Shows, Romantic TV Shows, TV Comedies","In a city of coaching centers known to train Indiaâ€™s finest collegiate minds, an earnest but unexceptional student and his friends navigate campus life."
s6,TV Show,Midnight Mass,Mike Flanagan,"Kate Siegel, Zach Gilford, Hamish Linklater, Henry Thomas, Kristin Lehman, Samantha Sloyan, Igby Rigney, Rahul Kohli, Annarah Cymone, Annabeth Gish, Alex Essoe, Rahul Abburi, Matt Biedel, Michael Trucco, Crystal Balint, Louis Oliver",,24-Sep-21,2021,TV-MA,1 Season,"TV Dramas, TV Horror, TV Mysteries","The arrival of a charismatic young priest brings glorious miracles, ominous mysteries and renewed religious fervor to a dying town desperate to believe."
s7,Movie,My Little Pony: A New Generation,"Robert Cullen, Jose Luis Ucha","Vanessa Hudgens, Kimiko Glenn, James Marsden, Sofia Carson, Liza Koshy, Ken Jeong, Elizabeth Perkins, Jane Krakowski, Michael McKean, Phil LaMarr",,24-Sep-21,2021,PG,91 min,Children & Family Movies,"Equestria's divided. But a bright-eyed hero believes Earth Ponies, Pegasi and Unicorns should be pals and, hoof to heart, shes determined to prove it."
s8,Movie,Sankofa,Haile Gerima,"Kofi Ghanaba, Oyafunmike Ogunlano, Alexandra Duah, Nick Medley, Mutabaruka, Afemo Omilami, Reggie Carter, Mzuri","United States, Ghana, Burkina Faso, United Kingdom, Germany, Ethiopia",24-Sep-21,1993,TV-MA,125 min,"Dramas, Independent Movies, International Movies","On a photo shoot in Ghana, an American model slips back in time, becomes enslaved on a plantation and bears witness to the agony of her ancestral past."
s9,TV Show,The Great British Baking Show,Andy Devonshire,"Mel Giedroyc, Sue Perkins, Mary Berry, Paul Hollywood",United Kingdom,24-Sep-21,2021,TV-14,9 Seasons,"British TV Shows, Reality TV","A talented batch of amateur bakers face off in a 10-week competition, whipping up their best dishes in the hopes of being named the U.K.'s best."
s10,Movie,The Starling,Theodore Melfi,"Melissa McCarthy, Chris O'Dowd, Kevin Kline, Timothy Olyphant, Daveed Diggs, Skyler Gisondo, Laura Harrier, Rosalind Chao, Kimberly Quinn, Loretta Devine, Ravi Kapoor",United States,24-Sep-21,2021,PG-13,104 min,"Comedies, Dramas",A woman adjusting to life after a loss contends with a feisty bird that's taken over her garden and a husband who's struggling to find a way forward.
s11,TV Show,"Vendetta: Truth, Lies and The Mafia",,,,24-Sep-21,2021,TV-MA,1 Season,"Crime TV Shows, Docuseries, International TV Shows","Sicily boasts a bold ""Anti-Mafia"" coalition. But what happens when those trying to bring down organized crime are accused of being criminals themselves?"
s12,TV Show,Bangkok Breaking,Kongkiat Komesiri,"Sukollawat Kanarot, Sushar Manaying, Pavarit Mongkolpisit, Sahajak Boonthanakit, Suthipongse Thatphithakkul, Bhasaworn Bawronkirati, Daweerit Chullasapya, Waratthaya Wongchayaporn, Kittiphoom Wongpentak, Abhicha Thanachanun, Nophand Boonyai, Kittipong Khamsat, Arisara Wongchalee, Jaytiya Naiwattanakul, Pantipa Arunwattanachai, Panupan Jantanawong, Kungtap Saelim, Phumphat Chartsuriyakiat, Issara Veranitinunt, Keerati Sivakuae, Panjai Sirisuwan, Supranee Charoenpol, Suda Chuenban, Visaka Banhansupavat, Pitchatorn Santinatornkul",,23-Sep-21,2021,TV-MA,1 Season,"Crime TV Shows, International TV Shows, TV Action & Adventure","Struggling to earn a living in Bangkok, a man joins an emergency rescue service and realizes he must unravel a citywide conspiracy."
s13,Movie,Je Suis Karl,Christian Schwochow,"Luna Wedler, Jannis NiewÃ¶hner, Milan Peschel, Edin HasanoviÄ‡, Anna FialovÃ¡, Marlon Boess, Victor Boccard, Fleur Geffrier, Aziz Dyab, MÃ©lanie FouchÃ©, Elizaveta MaximovÃ¡","Germany, Czech Republic",23-Sep-21,2021,TV-MA,127 min,"Dramas, International Movies","After most of her family is murdered in a terrorist bombing, a young woman is unknowingly lured into joining the very group that killed them."
s14,Movie,Confessions of an Invisible Girl,Bruno Garotti,"Klara Castanho, Lucca Picon, JÃºlia Gomes, Marcus Bessa, Kiria Malheiros, Fernanda Concon, Gabriel Lima, Caio Cabral, Leonardo Cidade, Jade Cardozo",,22-Sep-21,2021,TV-PG,91 min,"Children & Family Movies, Comedies","When the clever but socially-awkward Tet joins a new school, she'll do anything to fit in. But the queen bee among her classmates has other ideas."
s15,TV Show,Crime Stories: India Detectives,,,,22-Sep-21,2021,TV-MA,1 Season,"British TV Shows, Crime TV Shows, Docuseries",Cameras following Bengaluru police on the job offer a rare glimpse into the complex and challenging inner workings of four major crime investigations.
s16,TV Show,Dear White People,,"Logan Browning, Brandon P. Bell, DeRon Horton, Antoinette Robertson, John Patrick Amedori, Ashley Blaine Featherson, Marque Richardson, Giancarlo Esposito",United States,22-Sep-21,2021,TV-MA,4 Seasons,"TV Comedies, TV Dramas","Students of color navigate the daily slights and slippery politics of life at an Ivy League college that's not nearly as ""post-racial"" as it thinks."
s17,Movie,Europe's Most Dangerous Man: Otto Skorzeny in Spain,"Pedro de Echave Garcia, Pablo Azori­n Williams",,,22-Sep-21,2020,TV-MA,67 min,"Documentaries, International Movies","Declassified documents reveal the post-WWII life of Otto Skorzeny, a close Hitler ally who escaped to Spain and became an adviser to world presidents."
s18,TV Show,Falsa identidad,,"Luis Ernesto Franco, Camila Sodi, Sergio Goyri, Samadhi Zendejas, Eduardo YÃ¡Ã±ez, Sonya Smith, Alejandro Camacho, Azela Robinson, Uriel del Toro, GÃ©raldine BazÃ¡n, Gabriela Roel, Marcus Ornellas",Mexico,22-Sep-21,2020,TV-MA,2 Seasons,"Crime TV Shows, Spanish-Language TV Shows, TV Dramas",Strangers Diego and Isabel flee their home in Mexico and pretend to be a married couple to escape his drug-dealing enemies and her abusive husband.
s19,Movie,Intrusion,Adam Salky,"Freida Pinto, Logan Marshall-Green, Robert John Burke, Megan Elisabeth Kelly, Sarah Minnich, Hayes Hargrove, Mark Sivertsen, Brandon Fierro, Antonio Valles, Clint Obenchain",,22-Sep-21,2021,TV-14,94 min,Thrillers,"After a deadly home invasion at a couples new dream house, the traumatized wife searches for answers and learns the real danger is just beginning."
s20,TV Show,Jaguar,,"Blanca Suarez, Ivain Marcos, Oscar Casas, Adrian Lastra, Francesc Garrido, Stefan Weinert, Julia Moller, Alicia Chojnowski",,22-Sep-21,2021,TV-MA,1 Season,"International TV Shows, Spanish-Language TV Shows, TV Action & Adventure","In the 1960s, a Holocaust survivor joins a group of self-trained spies who seek justice against Nazis fleeing to Spain to hide after WWII."
s21,TV Show,Monsters Inside: The 24 Faces of Billy Milligan,Olivier Megaton,,,22-Sep-21,2021,TV-14,1 Season,"Crime TV Shows, Docuseries, International TV Shows","In the late 1970s, an accused serial rapist claims multiple personalities control his behavior, setting off a legal odyssey that captivates America."
s22,TV Show,Resurrection: Ertugrul,,"Engin Altan DÃ¼zyatan, Serdar GÃ¶khan, HÃ¼lya Darcan, Kaan TaÅŸaner, Esra BilgiÃ§, Osman Soykut, Serdar Deniz, Cengiz CoÅŸkun, Reshad Strik, Hande SubaÅŸÄ±",Turkey,22-Sep-21,2018,TV-14,5 Seasons,"International TV Shows, TV Action & Adventure, TV Dramas","When a good deed unwittingly endangers his clan, a 13th-century Turkish warrior agrees to fight a sultan's enemies in exchange for new tribal land."
s23,Movie,Avvai Shanmughi,K.S. Ravikumar,"Kamal Hassan, Meena, Gemini Ganesan, Heera Rajgopal, Nassar, S.P. Balasubrahmanyam",,21-Sep-21,1996,TV-PG,161 min,"Comedies, International Movies","Newly divorced and denied visitation rights with his daughter, a doting father disguises himself as a gray-haired nanny in order to spend time with her."
s24,Movie,Go! Go! Cory Carson: Chrissy Takes the Wheel,"Alex Woo, Stanley Moore","Maisie Benson, Paul Killam, Kerry Gudjohnsen, AC Lim",,21-Sep-21,2021,TV-Y,61 min,Children & Family Movies,"From arcade games to sled days and hiccup cures, Cory Carsons curious little sister Chrissy speeds off on her own for fun and adventure all over town!"
s25,Movie,Jeans,S. Shankar,"Prashanth, Aishwarya Rai Bachchan, Sri Lakshmi, Nassar",India,21-Sep-21,1998,TV-14,166 min,"Comedies, International Movies, Romantic Movies","When the father of the man she loves insists that his twin sons marry twin sisters, a woman creates an alter ego that might be a bit too convincing."
s26,TV Show,Love on the Spectrum,,Brooke Satchwell,Australia,21-Sep-21,2021,TV-14,2 Seasons,"Docuseries, International TV Shows, Reality TV","Finding love can be hard for anyone. For young adults on the autism spectrum, exploring the unpredictable world of dating is even more complicated."
s27,Movie,Minsara Kanavu,Rajiv Menon,"Arvind Swamy, Kajol, Prabhu Deva, Nassar, S.P. Balasubrahmanyam, Girish Karnad",,21-Sep-21,1997,TV-PG,147 min,"Comedies, International Movies, Music & Musicals",A tangled love triangle ensues when a man falls for a woman studying to become a nun and she falls for the friend he enlists to help him pursue her.
s28,Movie,Grown Ups,Dennis Dugan,"Adam Sandler, Kevin James, Chris Rock, David Spade, Rob Schneider, Salma Hayek, Maria Bello, Maya Rudolph, Colin Quinn, Tim Meadows, Joyce Van Patten",United States,20-Sep-21,2010,PG-13,103 min,Comedies,"Mourning the loss of their beloved junior high basketball coach, five middle-aged pals reunite at a lake house and rediscover the joys of being a kid."
s29,Movie,Dark Skies,Scott Stewart,"Keri Russell, Josh Hamilton, J.K. Simmons, Dakota Goyo, Kadan Rockett, L.J. Benet, Rich Hutchman, Myndy Crist, Annie Thurman, Jake Brennan",United States,19-Sep-21,2013,PG-13,97 min,"Horror Movies, Sci-Fi & Fantasy","A family's idyllic suburban life shatters when an alien force invades their home, and as they struggle to convince others of the deadly threat."
s30,Movie,Paranoia,Robert Luketic,"Liam Hemsworth, Gary Oldman, Amber Heard, Harrison Ford, Lucas Till, Embeth Davidtz, Julian McMahon, Josh Holloway, Richard Dreyfuss, Angela Sarafyan","United States, India, France",19-Sep-21,2013,PG-13,106 min,Thrillers,"Blackmailed by his company's CEO, a low-level employee finds himself forced to spy on the boss's rival and former mentor."
s31,Movie,Ankahi Kahaniya,"Ashwiny Iyer Tiwari, Abhishek Chaubey, Saket Chaudhary","Abhishek Banerjee, Rinku Rajguru, Delzad Hiwale, Kunal Kapoor, Zoya Hussain, Nikhil Dwivedi, Palomi Ghosh",,17-Sep-21,2021,TV-14,111 min,"Dramas, Independent Movies, International Movies","As big city life buzzes around them, lonely souls discover surprising sources of connection and companionship in three tales of love, loss and longing."
s32,TV Show,Chicago Party Aunt,,"Lauren Ash, Rory O'Malley, RuPaul Charles, Jill Talley, Ike Barinholtz, Jon Barinholtz, Matthew Craig, Bob Odenkirk, Mike Hagerty, Katie Rich, Chris Witaske",,17-Sep-21,2021,TV-MA,1 Season,TV Comedies,Chicago Party Aunt Diane is an idolized troublemaker with a talent for avoiding adulthood â€” and a soft spot for her soul-searching nephew.
s33,TV Show,Sex Education,,"Asa Butterfield, Gillian Anderson, Ncuti Gatwa, Emma Mackey, Connor Swindells, Kedar Williams-Stirling, Alistair Petrie",United Kingdom,17-Sep-21,2020,TV-MA,3 Seasons,"British TV Shows, International TV Shows, TV Comedies","Insecure Otis has all the answers when it comes to sex advice, thanks to his therapist mom. So rebel Maeve proposes a school sex-therapy clinic."
s34,TV Show,Squid Game,,"Lee Jung-jae, Park Hae-soo, Wi Ha-jun, Oh Young-soo, Jung Ho-yeon, Heo Sung-tae, Kim Joo-ryoung, Tripathi Anupam, You Seong-joo, Lee You-mi",,17-Sep-21,2021,TV-MA,1 Season,"International TV Shows, TV Dramas, TV Thrillers","Hundreds of cash-strapped players accept a strange invitation to compete in children's games. Inside, a tempting prize awaits with deadly high stakes."
s35,TV Show,Tayo and Little Wizards,,"Dami Lee, Jason Lee, Bommie Catherine Han, Jennifer Waescher, Nancy Kim",,17-Sep-21,2020,TV-Y7,1 Season,Kids' TV,Tayo speeds into an adventure when his friends get kidnapped by evil magicians invading their city in search of a magical gemstone.
s36,Movie,The Father Who Moves Mountains,Daniel Sandu,"Adrian Titieni, Elena Purea, Judith State, Valeriu AndriuÈ›Äƒ, Tudor Smoleanu, Virgil Aioanei, Radu Botar, Petronela Grigorescu, Bogdan Nechifor, Cristian Bota",,17-Sep-21,2021,TV-MA,110 min,"Dramas, International Movies, Thrillers","When his son goes missing during a snowy hike in the mountains, a retired intelligence officer will stop at nothing and risk everything to find him."
s37,Movie,The Stronghold,Cedric Jimenez,"Gilles Lellouche, Karim Leklou, FranÃ§ois Civil, AdÃ¨le Exarchopoulos, Kenza Fortas, Cyril Lecomte, MichaÃ«l Abiteboul, Idir Azougli, Vincent Darmuzey, Jean-Yves Berteloot",,17-Sep-21,2021,TV-MA,105 min,"Action & Adventure, Dramas, International Movies","Tired of the small-time grind, three Marseille cops get a chance to bust a major drug network. But lines blur when a key informant makes a big ask."
s38,TV Show,Angry Birds,,"Antti Paakkonen, Helja Heikkinen, Lynne Guaglione, Pasi Ruohonen, Rauno Ahonen",Finland,16-Sep-21,2018,TV-Y7,1 Season,"Kids' TV, TV Comedies","Birds Red, Chuck and their feathered friends have lots of adventures while guarding eggs in their nest that pesky pigs keep trying to steal."
s39,Movie,Birth of the Dragon,George Nolfi,"Billy Magnussen, Ron Yuan, Qu Jingjing, Terry Chen, Vanness Wu, Jin Xing, Philip Ng, Xia Yu, Yu Xia","China, Canada, United States",16-Sep-21,2017,PG-13,96 min,"Action & Adventure, Dramas","A young Bruce Lee angers kung fu traditionalists by teaching outsiders, leading to a showdown with a Shaolin master in this film based on real events."
s40,TV Show,Chhota Bheem,,"Vatsal Dubey, Julie Tejwani, Rupa Bhimani, Jigna Bhardwaj, Rajesh Kava, Mousam, Swapnil",India,16-Sep-21,2021,TV-Y7,3 Seasons,Kids' TV,"A brave, energetic little boy with superhuman powers leads his friends on exciting adventures to guard their fellow Dholakpur villagers from evil."
s41,TV Show,He-Man and the Masters of the Universe,,"Yuri Lowenthal, Kimberly Brooks, Antony Del Rio, Trevor Devall, Ben Diskin, Grey Griffin, David Kaye, Tom Kenny, Judy Alice Lee, Roger Craig Smith, Fred Tatasciore",United States,16-Sep-21,2021,TV-Y7,1 Season,"Kids' TV, TV Sci-Fi & Fantasy",Mighty teen Adam and his heroic squad of misfits discover the legendary power of Grayskull â€” and their destiny to defend Eternia from sinister Skeletor.
s42,Movie,Jaws,Steven Spielberg,"Roy Scheider, Robert Shaw, Richard Dreyfuss, Lorraine Gary, Murray Hamilton, Carl Gottlieb, Jeffrey Kramer, Susan Backlinie, Jonathan Filley, Ted Grossman",United States,16-Sep-21,1975,PG,124 min,"Action & Adventure, Classic Movies, Dramas","When an insatiable great white shark terrorizes Amity Island, a police chief, an oceanographer and a grizzled shark hunter seek to destroy the beast."
s43,Movie,Jaws 2,Jeannot Szwarc,"Roy Scheider, Lorraine Gary, Murray Hamilton, Joseph Mascolo, Jeffrey Kramer, Collin Wilcox Paxton, Ann Dusenberry, Mark Gruner, Barry Coe, Susan French",United States,16-Sep-21,1978,PG,116 min,"Dramas, Horror Movies, Thrillers","Four years after the last deadly shark attacks, police chief Martin Brody fights to protect Amity Island from another killer great white."
s44,Movie,Jaws 3,Joe Alves,"Dennis Quaid, Bess Armstrong, Simon MacCorkindale, Louis Gossett Jr., John Putch, Lea Thompson, P.H. Moriarty, Dan Blasko, Liz Morris, Lisa Maurer",United States,16-Sep-21,1983,PG,98 min,"Action & Adventure, Horror Movies, Thrillers","After the staff of a marine theme park try to capture a young great white shark, they discover its mother has invaded the enclosure and is out for blood."
s45,Movie,Jaws: The Revenge,Joseph Sargent,"Lorraine Gary, Lance Guest, Mario Van Peebles, Karen Young, Michael Caine, Judith Barsi, Mitchell Anderson, Lynn Whitfield",United States,16-Sep-21,1987,PG-13,91 min,"Action & Adventure, Horror Movies, Thrillers","After another deadly shark attack, Ellen Brody has had enough of Amity Island and moves to the Caribbean â€“ but a great white shark follows her there."
s46,Movie,My Heroes Were Cowboys,Tyler Greco,,,16-Sep-21,2021,PG,23 min,Documentaries,"Robin Wiltshire's painful childhood was rescued by Westerns. Now he lives on the frontier of his dreams, training the horses he loves for the big screen."
s47,Movie,Safe House,Daniel Espinosa,"Denzel Washington, Ryan Reynolds, Vera Farmiga, Brendan Gleeson, Sam Shepard, RubÃ©n Blades, Nora Arnezeder, Robert Patrick, Liam Cunningham, Joel Kinnaman","South Africa, United States, Japan",16-Sep-21,2012,R,115 min,Action & Adventure,Young CIA operative Matt Weston must get a dangerous criminal out of an agency safe house that's come under attack and get him to a securer location.
s48,TV Show,The Smart Money Woman,Bunmi Ajakaiye,"Osas Ighodaro, Ini Dima-Okojie, Kemi Lala Akindoju, Toni Tones, Ebenezer Eno, Eso Okolocha DIke, Patrick Diabuah, Karibi Fubara, Temisan Emmanuel, Timini Egbuson",,16-Sep-21,2020,TV-MA,1 Season,"International TV Shows, Romantic TV Shows, TV Comedies","Five glamorous millennials strive for success as they juggle careers, finances, love and friendships. Based on Arese Ugwu's 2016 best-selling novel."
s49,Movie,Training Day,Antoine Fuqua,"Denzel Washington, Ethan Hawke, Scott Glenn, Tom Berenger, Harris Yulin, Raymond J. Barry, Cliff Curtis, Dr. Dre, Snoop Dogg, Macy Gray, Eva Mendes",United States,16-Sep-21,2001,R,122 min,"Dramas, Thrillers",A rookie cop with one day to prove himself to a veteran LAPD narcotics officer receives a crash course in his mentor's questionable brand of justice.
s50,TV Show,Castle and Castle,,"Richard Mofe-Damijo, Dakore Akande, Bimbo Manuel, Blossom Chukwujekwu, Deyemi Okanlawon, Etim Effiong, Denola Grey, Duke Akintola, Eku Edewor, Ade Laoye, Anee Icha, Kevin Ushi, Jude Chukwuka, Amanda Afolabi",Nigeria,15-Sep-21,2021,TV-MA,2 Seasons,"International TV Shows, TV Dramas","A pair of high-powered, successful lawyers find themselves defending opposite interests of the justice system, causing a strain on their happy marriage."
s51,TV Show,Dharmakshetra,,"Kashmira Irani, Chandan Anand, Dinesh Mehta, Ankit Arora, Pushkar Goggiaa, Anjali Rana, Aarya DharmChand Kumar, Amit Behl, Maleeka Ghai",India,15-Sep-21,2014,TV-PG,1 Season,"International TV Shows, TV Dramas, TV Sci-Fi & Fantasy","After the ancient Great War, the god Chitragupta oversees a trial to determine who were the battle's true heroes and villains."
s52,Movie,InuYasha the Movie 2: The Castle Beyond the Looking Glass,Toshiya Shinohara,"Kappei Yamaguchi, Satsuki Yukino, Mieko Harada, Koji Tsujitani, Houko Kuwashima, Kumiko Watanabe, Noriko Hidaka, Kenichi Ogata, Toshiyuki Morikawa, Izumi Ogami",Japan,15-Sep-21,2002,TV-14,99 min,"Action & Adventure, Anime Features, International Movies","With their biggest foe seemingly defeated, InuYasha and his friends return to everyday life. But the peace is soon shattered by an emerging new enemy."
s53,Movie,InuYasha the Movie 3: Swords of an Honorable Ruler,Toshiya Shinohara,"Kappei Yamaguchi, Satsuki Yukino, Koji Tsujitani, Houko Kuwashima, Kumiko Watanabe, Ken Narita, Akio Otsuka, Kikuko Inoue",Japan,15-Sep-21,2003,TV-14,99 min,"Action & Adventure, Anime Features, International Movies",The Great Dog Demon beaqueathed one of the Three Swords of the Fang to each of his two sons. Now the evil power of the third sword has been awakened.
s54,Movie,InuYasha the Movie 4: Fire on the Mystic Island,Toshiya Shinohara,"Kappei Yamaguchi, Satsuki Yukino, Koji Tsujitani, Houko Kuwashima, Kumiko Watanabe, Noriko Hidaka, Ken Narita, Cho, Mamiko Noto, Nobutoshi Canna",Japan,15-Sep-21,2004,TV-PG,88 min,"Action & Adventure, Anime Features, International Movies","Ai, a young half-demon who has escaped from Horai Island to try to help her people, returns with potential saviors InuYasha, Sesshomaru and Kikyo."
s55,Movie,InuYasha the Movie: Affections Touching Across Time,Toshiya Shinohara,"Kappei Yamaguchi, Satsuki Yukino, Koji Tsujitani, Houko Kuwashima, Kumiko Watanabe, Kenichi Ogata, Noriko Hidaka, Hisako Kyoda, Ken Narita, Tomokazu Seki",Japan,15-Sep-21,2001,TV-PG,100 min,"Action & Adventure, Anime Features, International Movies","A powerful demon has been sealed away for 200 years. But when the demon's son is awakened, the fate of the world is in jeopardy."
s56,TV Show,Nailed It,,"Nicole Byer, Jacques Torres",United States,15-Sep-21,2021,TV-PG,6 Seasons,Reality TV,"Home bakers with a terrible track record take a crack at re-creating edible masterpieces for a $10,000 prize. It's part reality contest, part hot mess."
s57,Movie,Naruto Shippuden the Movie: Blood Prison,Masahiko Murata,"Junko Takeuchi, Chie Nakamura, Rikiya Koyama, Kazuhiko Inoue, Masaki Terasoma, Mie Sonozaki, Yuichi Nakamura, Kengo Kawanishi, Kosei Hirota, Masako Katsuki",Japan,15-Sep-21,2011,TV-14,102 min,"Action & Adventure, Anime Features, International Movies","Mistakenly accused of an attack on the Fourth Raikage, ninja Naruto is imprisoned in the impenetrable Hozuki Castle and his powers are sealed."
s58,Movie,Naruto Shippuden the Movie: Bonds,Hajime Kamegaki,"Junko Takeuchi, Chie Nakamura, Noriaki Sugiyama, Unsho Ishizuka, Motoko Kumai, Kazuhiko Inoue, Rikiya Koyama, Showtaro Morikubo, Nana Mizuki, Satoshi Hino, Shinji Kawada",Japan,15-Sep-21,2008,TV-PG,93 min,"Action & Adventure, Anime Features, International Movies","When strange ninjas ambush the village of Konohagakure, it's up to adolescent ninja Naruto and his long-missing pal, Sasuke, to save the planet."
s59,Movie,Naruto Shippuden the Movie: The Will of Fire,Masahiko Murata,"Junko Takeuchi, Chie Nakamura, Kazuhiko Inoue, Satoshi Hino, Showtaro Morikubo, Kentaro Ito, Ryoka Yuzuki, Kohsuke Toriumi, Nana Mizuki, Shinji Kawada, Yoichi Masukawa, Koichi Tochika, Yukari Tamura",Japan,15-Sep-21,2009,TV-PG,96 min,"Action & Adventure, Anime Features, International Movies","When four out of five ninja villages are destroyed, the leader of the one spared tries to find the true culprit and protect his land."
s60,Movie,Naruto Shippuden: The Movie,Hajime Kamegaki,"Junko Takeuchi, Chie Nakamura, Yoichi Masukawa, Koichi Tochika, Ayumi Fujimura, Keisuke Oda, Daisuke Kishio, Fumiko Orikasa, Hidetoshi Nakamura, Tetsuya Kakihara, Kisho Taniyama, Miyuki Sawashiro, Katsuyuki Konishi, Masako Katsuki, Keiko Nemoto, Masashi Ebara, Kazuhiko Inoue, Showtaro Morikubo, Romi Park, Daisuke Ono, Seizo Kato",Japan,15-Sep-21,2007,TV-PG,95 min,"Action & Adventure, Anime Features, International Movies","The adventures of adolescent ninja Naruto Uzumaki continue as he's tasked with protecting a priestess from a demon but to do so, he must die."
s61,Movie,Naruto Shippuden: The Movie: The Lost Tower,Masahiko Murata,"Junko Takeuchi, Chie Nakamura, Satoshi Hino, Rikiya Koyama, Nobuaki Fukuda, Kenji Hamada, Keiko Nemoto, Saori Hayami, Yumi Toma, Yuko Kobayashi, Fujiko Takimoto, Mutsumi Tamura, Mayuki Makiguchi, Toshiyuki Morikawa",Japan,15-Sep-21,2010,TV-14,85 min,"Action & Adventure, Anime Features, International Movies","When Naruto is sent to recover a missing nin, the rogue manages to send him 20 years into the past, where he unites with his father to battle evil."
s62,Movie,Naruto the Movie 2: Legend of the Stone of Gelel,Hirotsugu Kawasaki,"Junko Takeuchi, Gamon Kaai, Chie Nakamura, Showtaro Morikubo, Akira Ishida, Yasuyuki Kase, Urara Takano, Sachiko Kojima, Houko Kuwashima, Takako Honda",Japan,15-Sep-21,2005,TV-PG,97 min,"Action & Adventure, Anime Features, International Movies","While on a mission to return a missing pet, Naruto and two fellow ninjas are ambushed by brutal knights led by the enigmatic Temujin."
s63,Movie,Naruto the Movie 3: Guardians of the Crescent Moon Kingdom,Toshiyuki Tsuru,"Junko Takeuchi, Chie Nakamura, Yoichi Masukawa, Kazuhiko Inoue, Akio Otsuka, Kyousuke Ikeda, Marika Hayashi, Umeji Sasaki, Masashi Sugawara, Hisao Egawa",Japan,15-Sep-21,2006,TV-PG,95 min,"Action & Adventure, Anime Features, International Movies","Exuberant ninja Naruto teams up with his pals Sakura and Kakashi to escort Prince Michiru and his son, Hikaru, to the Crescent Moon kingdom."
s64,Movie,Naruto the Movie: Ninja Clash in the Land of Snow,Tensai Okamura,"Junko Takeuchi, Noriaki Sugiyama, Chie Nakamura, Kazuhiko Inoue, Yuhko Kaida, Tsutomu Isobe, Hirotaka Suzuoki, Jun Karasawa, Harii Kaneko, Ikuo Nishikawa",Japan,15-Sep-21,2004,TV-PG,83 min,"Action & Adventure, Anime Features, International Movies","Naruto, Sasuke and Sakura learn they'll be protecting an actress from being hurt while making her next film, but it turns out she's a princess."
s65,Movie,Nightbooks,David Yarovesky,"Winslow Fegley, Lidya Jewett, Krysten Ritter",,15-Sep-21,2021,TV-PG,103 min,Children & Family Movies,Scary story fan Alex must tell a spine-tingling tale every night or stay trapped with his new friend in a wicked witch's magical apartment forever.
s66,TV Show,Numberblocks,,"Beth Chalmers, David Holt, Marcel McCalla, Teresa Gallagher",United Kingdom,15-Sep-21,2021,TV-Y,6 Seasons,Kids' TV,"In a place called Numberland, math adds up to tons of fun when a group of cheerful blocks work, play and sing together."
s67,TV Show,Raja Rasoi Aur Anya Kahaniyan,,,India,15-Sep-21,2014,TV-G,1 Season,"Docuseries, International TV Shows","Explore the history and flavors of regional Indian cuisine, from traditional Kashmiri feasts to the vegetarian dishes of Gujarat."
s68,TV Show,Saved by the Bell,,"Mark-Paul Gosselaar, Tiffani Thiessen, Mario Lopez, Lark Voorhies, Elizabeth Berkley, Dustin Diamond, Dennis Haskins",United States,15-Sep-21,1994,TV-PG,9 Seasons,"Kids' TV, TV Comedies","From middle school to college, best friends Zack, Kelly, Slater, Jessie, Screech and Lisa take on the highs and lows of life together in this hit series."
s69,Movie,Schumacher,"Hanns-Bruno KammertÃ¶ns, Vanessa NÃ¶cker, Michael Wech",Michael Schumacher,,15-Sep-21,2021,TV-14,113 min,"Documentaries, International Movies, Sports Movies","Through exclusive interviews and archival footage, this documentary traces an intimate portrait of seven-time Formula 1 champion Michael Schumacher."
s70,TV Show,Stories by Rabindranath Tagore,,,India,15-Sep-21,2015,TV-PG,1 Season,"International TV Shows, TV Dramas",The writings of Nobel Prize winner Rabindranath Tagore come to life in this collection of tales set in early-20th-century Bengal.
s71,TV Show,Too Hot To Handle: Latino,,ItatÃ­ Cantoral,,15-Sep-21,2021,TV-MA,1 Season,"International TV Shows, Reality TV, Romantic TV Shows","On this reality show, singles from Latin America and Spain are challenged to give up sex. But here, abstinence comes with a silver lining: US$100,000."
s72,Movie,A StoryBots Space Adventure,David A. Vargas,"Evan Spiridellis, Erin Fitzgerald, Jeff Gill, Fred Tatasciore, Evan Michael Lee, Jared Isaacman, Sian Proctor, Chris Sembroski, Hayley Arceneaux",,14-Sep-21,2021,TV-Y,13 min,Children & Family Movies,Join the StoryBots and the space travelers of the historic Inspiration4 mission as they search for answers to kids' questions about space.
s73,TV Show,Jack Whitehall: Travels with My Father,,"Jack Whitehall, Michael Whitehall",United Kingdom,14-Sep-21,2021,TV-MA,5 Seasons,"British TV Shows, Docuseries, International TV Shows","Jovial comic Jack Whitehall invites his stuffy father, Michael, to travel with him through Southeast Asia in an attempt to strengthen their bond."
s74,Movie,King of Boys,Kemi Adetiba,"Sola Sobowale, Adesua Etomi, Remilekun ""Reminisce"" Safaru, Tobechukwu ""iLLbliss"" Ejiofor, Toni Tones, Paul Sambo, Jide Kosoko, Sharon Ooja",Nigeria,14-Sep-21,2018,TV-MA,182 min,"Dramas, International Movies","When a powerful businesswomans political ambitions are threatened by her underworld connections, the ensuing power struggle could cost her everything."
s75,TV Show,The World's Most Amazing Vacation Rentals,,,,14-Sep-21,2021,TV-PG,2 Seasons,Reality TV,"With an eye for every budget, three travelers visit vacation rentals around the globe and share their expert tips and tricks in this reality series."
s76,Movie,You vs. Wild: Out Cold,Ben Simms,"Bear Grylls, Jason Derek Prempeh",,14-Sep-21,2021,TV-G,106 min,Children & Family Movies,"After a plane crash leaves Bear with amnesia, he must make choices to save the missing pilot and survive in this high-stakes interactive adventure."
s77,TV Show,Yowamushi Pedal,,"Daiki Yamashita, Kohsuke Toriumi, Jun Fukushima, Hiroki Yasumoto, Showtaro Morikubo, Kentaro Ito, Daisuke Kishio, Yoshitsugu Matsuoka, Junichi Suwabe, Ayaka Suwa, Megumi Han, Tomoaki Maeno, Tsubasa Yonaga, Tetsuya Kakihara, Satoshi Hino, Hiroyuki Yoshino, Atsushi Abe, Koji Yusa, Kouki Miyata, Hiro Shimono, Wataru Hatano, Yuichi Nakamura, Kenji Nojima, Mamoru Miyano, Daisuke Ono, Yuma Uchida, Jun Fukuyama",Japan,14-Sep-21,2013,TV-14,1 Season,"Anime Series, International TV Shows","A timid, anime-loving teen gets drawn into a school cycling club, where his new friends help him face tough challenges to develop his racing talent."
s78,Movie,Little Singham - Black Shadow,Prakash Satam,"Sumriddhi Shukla, Jigna Bharadwaj, Sonal Kaushal, Neshma Chemburkar, Ganesh Divekar, Annamaya Verma, Anamay Verma, Manoj Pandey",,11-Sep-21,2021,TV-Y7,48 min,"Children & Family Movies, Comedies",Kid cop Little Singham loses all his superpowers while trying to stop the demon Kaals new evil plans! Can his inner strength help him defeat the enemy?
s79,Movie,Tughlaq Durbar,Delhiprasad Deenadayalan,"Vijay Sethupathi, Parthiban, Raashi Khanna",,11-Sep-21,2020,TV-14,145 min,"Comedies, Dramas, International Movies",A budding politician has devious plans to rise in the ranks until an unexpected new presence begins to interfere with his every crooked move.
s80,Movie,Tughlaq Durbar (Telugu),Delhiprasad Deenadayalan,"Vijay Sethupathi, Parthiban, Raashi Khanna",,11-Sep-21,2021,TV-14,145 min,"Comedies, Dramas, International Movies",A budding politician has devious plans to rise in the ranks until an unexpected new presence begins to interfere with his every crooked move.
s81,Movie,Firedrake the Silver Dragon,Tomer Eshed,"Thomas Brodie-Sangster, Felicity Jones, Freddie Highmore, Patrick Stewart, Meera Syal, Sanjeev Bhaskar, Nonso Anozie",,10-Sep-21,2021,TV-Y7,93 min,Children & Family Movies,"When his home is threatened by humans, a young dragon summons the courage to seek a mythical paradise where dragons can live in peace and fly free."
s82,Movie,Kate,Cedric Nicolas-Troyan,"Mary Elizabeth Winstead, Jun Kunimura, Woody Harrelson, Tadanobu Asano, Miyavi, Michiel Huisman, Miku Martineau",United States,10-Sep-21,2021,R,106 min,Action & Adventure,"Slipped a fatal poison on her final job, a ruthless assassin working in Tokyo has less than 24 hours to find out who ordered the hit and exact revenge."
s83,TV Show,Lucifer,,"Tom Ellis, Lauren German, Kevin Alejandro, D.B. Woodside, Lesley-Ann Brandt, Scarlett Estevez, Rachael Harris, Aimee Garcia, Tricia Helfer, Tom Welling, Jeremiah W. Birkett, Pej Vahdat, Michael Gladis",United States,10-Sep-21,2021,TV-14,6 Seasons,"Crime TV Shows, TV Comedies, TV Dramas","Bored with being the Lord of Hell, the devil relocates to Los Angeles, where he opens a nightclub and forms a connection with a homicide detective."
s84,TV Show,Metal Shop Masters,,Jo Koy,,10-Sep-21,2021,TV-MA,1 Season,Reality TV,"On this competition show, a group of metal artists torch, cut and weld epic, badass creations from hardened steel. Only one will win a $50,000 prize."
s85,Movie,Omo Ghetto: the Saga,"JJC Skillz, Funke Akindele","Funke Akindele, Ayo Makun, Chioma Chukwuka Akpotha, Yemi Eberechi Alade, Blossom Chukwujekwu, Deyemi Okanlawon, Alexx Ekubo, Zubby Michael, Tina Mba, Femi Jacobs",Nigeria,10-Sep-21,2020,TV-MA,147 min,"Action & Adventure, Comedies, Dramas","Twins are reunited as a good-hearted female gangster and her uptight rich sister take on family, crime, cops and all of the trouble that follows them."
s86,TV Show,Pokemon Master Journeys: The Series,,"Ikue Otani, Sarah Natochenny, Zeno Robinson, Cherami Leigh, James Carter Cathcart, Michele Knotz, Rodger Parsons, Ray Chase, Casey Mongillo, Tara Sands",,10-Sep-21,2021,TV-Y7,1 Season,"Anime Series, Kids' TV","As Ash battles his way through the World Coronation Series, Goh continues his quest to catch every Pokemon. Together, they're on a journey to adventure!"
s87,Movie,Prey,Thomas Sieben,"David Kross, Hanno Koffler, Maria Ehrich, Robert Finster, Yung Ngo, Klaus Steinbacher, Livia Matthes, Nellie Thalbach",,10-Sep-21,2021,TV-MA,87 min,"International Movies, Thrillers",A hiking trip into the wild turns into a desperate bid for survival for five friends on the run from a mysterious shooter.
s88,TV Show,Titipo Titipo,,"Jeon Hae-ri, Kim Eun-ah, Hong Bum-ki, Nam Do-hyeong, Um Sang-hyun",,10-Sep-21,2019,TV-Y,2 Seasons,"Kids' TV, Korean TV Shows",Titipo the train is out to prove that he's got what it takes to help the folks of Train Village ride the rails safely and reliably.
s89,Movie,Blood Brothers: Malcolm X & Muhammad Ali,Marcus Clarke,"Malcolm X, Muhammad Ali",,9-Sep-21,2021,PG-13,96 min,"Documentaries, Sports Movies","From a chance meeting to a tragic fallout, Malcolm X and Muhammad Ali's extraordinary bond cracks under the weight of distrust and shifting ideals."
s90,TV Show,Mighty Raju,,"Julie Tejwani, Sabina Malik, Jigna Bhardwaj, Rupa Bhimani, Lalit Agarwal, Rajesh Shukla, Rajesh Kava",,9-Sep-21,2017,TV-Y7,4 Seasons,Kids' TV,"Born with superhuman abilities, young Raju wants to use his powers to make the world a better place but that will mean facing plenty of challenges!"
s91,Movie,Paradise Hills,Alice Waddington,"Emma Roberts, Danielle Macdonald, Awkwafina, Eiza GonzÃ¡lez, Milla Jovovich, Jeremy Irvine, Arnaud Valois, Daniel Horvath","Spain, United States",9-Sep-21,2019,TV-MA,95 min,"Sci-Fi & Fantasy, Thrillers","Uma wakes up in a lush tropical facility designed to turn willful girls into perfect ladies. Thats bad enough, but its real purpose is even worse."
s92,Movie,The Women and the Murderer,"Mona Achache, Patricia Tourancheau",,France,9-Sep-21,2021,TV-14,92 min,"Documentaries, International Movies",This documentary traces the capture of serial killer Guy Georges through the tireless work of two women: a police chief and a victim's mother.
s93,TV Show,Into the Night,,"Pauline Etienne, Laurent Capelluto, Stefano Cassetti, Mehmet KurtuluÅŸ, Babetida Sadjo, Jan Bijvoet, Ksawery Szlenkier, Vincent Londez, Regina Bikkinina, Alba GaÃ¯a Kraghede Bellugi, Nabil Mallat",Belgium,8-Sep-21,2021,TV-MA,2 Seasons,"International TV Shows, TV Dramas, TV Mysteries",Passengers and crew aboard a hijacked overnight flight scramble to outrace the sun as a mysterious cosmic event wreaks havoc on the world below.
s94,Movie,JJ+E,Alexis AlmstrÃ¶m,"Elsa Ohrn, Mustapha Aarab, Jonay Pineda Skallak, Magnus Krepper, Loreen, Albin Grenholm, Simon Mezher, Elsa BergstrÃ¶m Terent, Josef Kadim, Yohannes Frezgi",,8-Sep-21,2021,TV-MA,91 min,"Dramas, International Movies, Romantic Movies","Elisabeth and John-John live in the same city, but they inhabit different worlds. Can a passionate first love break through class and cultural barriers?"
s95,Movie,Show Dogs,Raja Gosnell,"Will Arnett, Ludacris, Natasha Lyonne, Stanley Tucci, Jordin Sparks, Gabriel Iglesias, Shaquille O'Neal, Omar Chaparro, Alan Cumming, Andy Beckwith, Delia Sheppard, Kerry Shale","United Kingdom, United States",8-Sep-21,2018,PG,90 min,"Children & Family Movies, Comedies",A rough and tough police dog must go undercover with an FBI agent as a prim and proper pet at a dog show to save a baby panda from an illegal sale.
s96,TV Show,The Circle,,Michelle Buteau,"United States, United Kingdom",8-Sep-21,2021,TV-MA,3 Seasons,Reality TV,"Status and strategy collide in this social experiment and competition show where online players flirt, befriend and catfish their way toward $100,000."
s97,Movie,If I Leave Here Tomorrow: A Film About Lynyrd Skynyrd,Stephen Kijak,"Ronnie Van Zandt, Gary Rossington, Allen Collins, Leon Wilkeson, Bob Burns, Billy Powell, Ed King, Artimus Pyle, Steve Gaines, Johnny Van Zant",United States,7-Sep-21,2018,TV-MA,97 min,"Documentaries, Music & Musicals","Using interviews and archival footage, this documentary charts the story of the legendary Southern rockers with a focus on front man Ronnie Van Zant."
s98,TV Show,Kid Cosmic,,"Jack Fisher, Tom Kenny, Amanda C. Miller, Kim Yarbrough, Keith Ferguson, Grey Griffin, Lily Rose Silver",United States,7-Sep-21,2021,TV-Y7,2 Seasons,"Kids' TV, TV Comedies, TV Sci-Fi & Fantasy",A boy's superhero dreams come true when he finds five powerful cosmic stones. But saving the day is harder than he imagined and he can't do it alone.
s99,TV Show,Octonauts: Above & Beyond,,"Antonio Aakeel, Chipo Chung, Simon Foster, Teresa Gallagher, Simon Greenall, Kate Harbour, Paul Panting, Rob Rackstraw, William Vanderpuye, Helen Walsh, Keith Wickham, Andres Williams, Jo Wyatt",United Kingdom,7-Sep-21,2021,TV-Y,1 Season,"British TV Shows, Kids' TV","The Octonauts expand their exploration beyond the sea and onto land! With new rides and new friends, they'll protect any habitats and animals at risk."
s100,TV Show,On the Verge,,"Julie Delpy, Elisabeth Shue, Sarah Jones, Alexia Landeau, Mathieu Demy, Troy Garity, Timm Sharp, Giovanni Ribisi","France, United States",7-Sep-21,2021,TV-MA,1 Season,"TV Comedies, TV Dramas","Four women a chef, a single mom, an heiress and a job seeker â€” dig into love and work, with a generous side of midlife crises, in pre-pandemic LA."
